hem.id,old_PUC,new_source.id,old_sheds_product_categories_id,new_sheds_product_categories_id,old_general_category,new_general_category,old_product_type,new_product_type,old_refined_product_type,new_refined_product_type,code,old_description,new_description
24,P.AC.010.029,AC.0500.010.050.F,CMSID-0000033,CMSID-0000033,arts and crafts,Arts and crafts/Office supplies ,arts and crafts adhesive,arts and crafts adhesive,spray,spray,AIS,"spray adhesives for primarily craft purposes, including spray mounts and stencil placement sprays","spray adhesives for primarily craft purposes, including spray mounts and stencil placement sprays"
23,P.AC.010.999,AC.0500.010.099.F,CMSID-0000044,CMSID-0000044,arts and crafts,Arts and crafts/Office supplies ,arts and crafts adhesive,arts and crafts adhesive,NOC,NOC,LIS,"glue sticks, glitter glues, fabric glues, craft glue, and other adhesives used for primarily craft purposes","glue sticks, glitter glues, fabric glues, craft glue, and other adhesives used for primarily craft purposes"
25,P.AC.020.000,AC.0500.020.099.F,CMSID-0000055,CMSID-0000055,arts and crafts,Arts and crafts/Office supplies ,arts and crafts cleaner,arts and crafts cleaner,,NOC,LIS,"solvent-based products for cleaning paint, adhesives, etc. from hands or surfaces","solvent-based products for cleaning paint, adhesives, etc. from hands or surfaces"
27,P.AC.030.029,AC.0500.030.050.F,CMSID-0000066,CMSID-0000066,arts and crafts,Arts and crafts/Office supplies ,arts and crafts finish,arts and crafts finish,spray,spray,AIS,spray shellacs or polyurethane coatings for primarily craft purposes,spray shellacs or polyurethane coatings for primarily craft purposes
26,P.AC.030.999,AC.0500.030.099.F,CMSID-0000070,CMSID-0000070,arts and crafts,Arts and crafts/Office supplies ,arts and crafts finish,arts and crafts finish,NOC,NOC,LIS,shellacs or polyurethane coatings for primarily craft purposes,shellacs or polyurethane coatings for primarily craft purposes
28,P.AC.040.000,AC.0500.040.099.F,CMSID-0000081,CMSID-0000081,arts and crafts,Arts and crafts/Office supplies ,arts and crafts paint,arts and crafts paint,,NOC,LIS,paints and colorants for primarily craft purposes (including acrylic and enamel paints),paints and colorants for primarily craft purposes (including acrylic and enamel paints)
14,P.AC.050.029,AC.0100.010.050.F,CMSID-0000092,CMSID-0000092,arts and crafts,Arts and crafts/Office supplies ,body paint,body paint,spray,spray,LBS,"body paints, markers, glitters, play cosmetics, and halloween cosmetics (spray or aerosol formulation specified)","body paints, markers, glitters, play cosmetics, and halloween cosmetics (spray or aerosol formulation specified)"
13,P.AC.050.999,AC.0100.010.099.F,CMSID-0000102,CMSID-0000102,arts and crafts,Arts and crafts/Office supplies ,body paint,body paint,NOC,NOC,LBS,"body paints, markers, glitters, play cosmetics, and halloween cosmetics","body paints, markers, glitters, play cosmetics, and halloween cosmetics"
15,P.AC.060.000,AC.0200.010.099.F,CMSID-0000113,CMSID-0000113,arts and crafts,Arts and crafts/Office supplies ,bubble solution,bubble solution,,NOC,LIS,"liquid bubble solutions, including solutions for bubble machines","liquid bubble solutions, including solutions for bubble machines"
29,P.AC.070.000,AC.0500.050.099.F,CMSID-0000124,CMSID-0000124,arts and crafts,Arts and crafts/Office supplies ,craft kit,craft kit,,NOC,LIS,multi-component crafting kits where individual products are not designated,multi-component crafting kits where individual products are not designated
16,P.AC.080.000,AC.0200.020.099.F,CMSID-0000135,CMSID-0000135,arts and crafts,Arts and crafts/Office supplies ,crayons,crayons,,NOC,LIS,wax crayons for coloring or illustration,wax crayons for coloring or illustration
19,P.AC.090.000,AC.0300.010.099.F,CMSID-0000146,CMSID-0000146,arts and crafts,Arts and crafts/Office supplies ,dye,fabric dye,,NOC,LIS,products for dying fabrics,products for dying fabrics
21,P.AC.100.029,AC.0300.020.050.F,CMSID-0000150,CMSID-0000150,arts and crafts,Arts and crafts/Office supplies ,fabric paints and sealers,fabric paints and sealers,spray,spray,AIS,paints or sealers for treating fabrics (spray or aerosol formulation specified),paints or sealers for treating fabrics (spray or aerosol formulation specified)
20,P.AC.100.999,AC.0300.020.099.F,CMSID-0000161,CMSID-0000161,arts and crafts,Arts and crafts/Office supplies ,fabric paints and sealers,fabric paints and sealers,NOC,NOC,LIS,paints or sealers for treating fabrics,paints or sealers for treating fabrics
17,P.AC.110.000,AC.0200.030.099.F,CMSID-0000172,CMSID-0000172,arts and crafts,Arts and crafts/Office supplies ,finger paint,finger paint,,NOC,LSH,non-edible finger paints,non-edible finger paints
30,P.AC.120.000,AC.0500.060.050.F,CMSID-0000183,CMSID-0000183,arts and crafts,Arts and crafts/Office supplies ,flocking,flocking,spray,spray,AIS,flocking and artificial snow (spray or aerosol formulation specified),flocking and artificial snow (spray or aerosol formulation specified)
22,P.AC.130.000,AC.0400.010.099.F,CMSID-0000194,CMSID-0000194,arts and crafts,Arts and crafts/Office supplies ,fogger,fogger,,NOC,XXX,liquid solutions for fogger machines,liquid solutions for fogger machines
35,P.AC.140.000,AC.0800.010.099.F,CMSID-0000204,CMSID-0000204,arts and crafts,Arts and crafts/Office supplies ,glaze,glaze,,NOC,XXX,liquid products for glazing craft pottery,liquid roducts for glazing craft pottery
31,P.AC.150.000,AC.0600.010.099.F,CMSID-0000215,CMSID-0000215,arts and crafts,Arts and crafts/Office supplies ,gun cleaner,gun cleaner,,NOC,LIS,liquid solutions for cleaning interior or exterior of firearms,liquid solutions for cleaning interior or exterior of firearms
33,P.AC.160.000,AC.0700.020.099.F,CMSID-0000226,CMSID-0000226,arts and crafts,Arts and crafts/Office supplies ,pens and markers,pens and markers,,NOC,LIS,writing utensils containing liquid or gel ink,writing utensils containing liquid or gel ink
18,P.AC.170.000,AC.0200.040.099.F,CMSID-0000230,CMSID-0000230,arts and crafts,Arts and crafts/Office supplies ,play dough,play dough,,NOC,SOL,children's play modeling clays,children's play modeling clays
473,P.AP.010.000,VE.0500.010.099.F,CMSID-0000241,CMSID-0000241,auto products,Vehicle ,antifreeze,antifreeze ,,NOC,LAP,antifreeze and/or coolant solutions for motorized vehicles,antifreeze and/or coolant solutions for motorized vehicles
464,P.AP.020.029,VE.0300.010.050.F,CMSID-0000252,CMSID-0000252,auto products,Vehicle ,auto air freshener,auto air freshener ,spray,spray,AIS,air fresheners for car interiors (spray or aerosol formulation specified),air fresheners for car interiors (spray or aerosol formulation specified)
463,P.AP.020.999,VE.0300.010.099.F,CMSID-0000263,CMSID-0000263,auto products,Vehicle ,auto air freshener,auto air freshener ,NOC,NOC,AOA,"air fresheners for car interiors, including products for vents","air fresheners for car interiors, including products for vents"
475,P.AP.030.029,VE.0500.020.050.F,CMSID-0000274,CMSID-0000274,auto products,Vehicle ,auto fluids and additives,auto fluids and additives ,spray,spray,LAP,"power steering fluids, transmission fluids, brake fluids, fuel injector cleaners, gas treatments, or leak stoppers (spray or aerosol formulation specified)","power steering fluids, transmission fluids, brake fluids, fuel injector cleaners, gas treatments, or leak stoppers (spray or aerosol formulation specified)"
474,P.AP.030.999,VE.0500.020.099.F,CMSID-0000285,CMSID-0000285,auto products,Vehicle ,auto fluids and additives,auto fluids and additives ,NOC,NOC,LAP,"power steering fluids, transmission fluids, brake fluids, fuel injector cleaners, gas treatments, or leak stoppers","power steering fluids, transmission fluids, brake fluids, fuel injector cleaners, gas treatments, or leak stoppers"
477,P.AP.040.029,VE.0500.030.050.F,CMSID-0000296,CMSID-0000296,auto products,Vehicle ,auto lubricant,auto lubricant ,spray,spray,LOS,"engine lubricants and belt dressings, not including motor oils (spray or aerosol formulation specified)","engine lubricants and belt dressings, not including motor oils (spray or aerosol formulation specified)"
476,P.AP.040.999,VE.0500.030.099.F,CMSID-0000306,CMSID-0000306,auto products,Vehicle ,auto lubricant,auto lubricant ,NOC,NOC,LOS,"engine lubricants and belt dressings, not including motor oils","engine lubricants and belt dressings, not including motor oils"
452,P.AP.050.029,VE.0100.010.050.F,CMSID-0000310,CMSID-0000310,auto products,Vehicle ,auto paint,auto paint ,spray,spray,LOS,paints and primers for auto body or engine (spray or aerosol formulation specified),paints and primers for auto body or engine (spray or aerosol formulation specified)
451,P.AP.050.999,VE.0100.010.099.F,CMSID-0000321,CMSID-0000321,auto products,Vehicle ,auto paint,auto paint ,NOC,NOC,LOS,paints and primers for auto body or engine,paints and primers for auto body or engine
478,P.AP.060.000,VE.0500.040.099.F,CMSID-0000332,CMSID-0000332,auto products,Vehicle ,auto refrigerant,auto refrigerant ,,NOC,LAP,refrigerants and freon products for auto applications,refrigerants and freon products for auto applications
460,P.AP.070.000,VE.0200.020.099.F,CMSID-0000343,CMSID-0000343,auto products,Vehicle ,boat cleaner,boat cleaner - general ,,NOC,LOS,"cleaners, washes, and polishes for exterior marine applications","cleaners, washes, and polishes for exterior marine applications"
462,P.AP.080.000,VE.0200.040.099.F,CMSID-0000354,CMSID-0000354,auto products,Vehicle ,boat engine fluids,boat engine fluids ,,NOC,LAP,engine fluids for marine applications,engine fluids for marine applications
465,P.AP.090.000,VE.0400.010.099.F,CMSID-0000365,CMSID-0000365,auto products,Vehicle ,body cleaner,body cleaner ,,NOC,LOS,"cleaners, shampoos, and washes for auto body exterior (not including wax products)","cleaners, shampoos, and washes for auto body exterior (not including wax products)"
454,P.AP.100.029,VE.0100.020.050.F,CMSID-0000376,CMSID-0000376,auto products,Vehicle ,body repair,body repair ,spray,spray,SOS,"products for repairing auto body exteriors, including bondo-type products and scratch fillers (spray or aerosol formulation specified)","products for repairing auto body exteriors, including bondo-type products and scratch fillers (spray or aerosol formulation specified)"
453,P.AP.100.999,VE.0100.020.099.F,CMSID-0000380,CMSID-0000380,auto products,Vehicle ,body repair,body repair ,NOC,NOC,LOS,"products for repairing auto body exteriors, including bondo-type products and scratch fillers","products for repairing auto body exteriors, including bondo-type products and scratch fillers"
467,P.AP.110.029,VE.0400.020.050.F,CMSID-0000391,CMSID-0000391,auto products,Vehicle ,body wax,body wax ,spray,spray,SOS,"auto body waxes and coatings, including combo wash/wax products (spray or aerosol formulation specified)","auto body waxes and coatings, including combo wash/wax products (spray or aerosol formulation specified)"
466,P.AP.110.999,VE.0400.020.099.F,CMSID-0000401,CMSID-0000401,auto products,Vehicle ,body wax,body wax ,NOC,NOC,LOS,"auto body waxes and coatings, including combo wash/wax products","auto body waxes and coatings, including combo wash/wax products"
470,P.AP.120.029,VE.0400.040.050.F,CMSID-0000412,CMSID-0000412,auto products,Vehicle ,degreaser,degreaser ,spray,spray,SOS,"auto, engine and brake degreasers (spray or aerosol formulation specified)","auto, engine and brake degreasers (spray or aerosol formulation specified)"
469,P.AP.120.999,VE.0400.040.099.F,CMSID-0000423,CMSID-0000423,auto products,Vehicle ,degreaser,degreaser ,NOC,NOC,LOS,"auto, engine and brake degreasers","auto, engine and brake degreasers"
456,P.AP.130.029,VE.0100.030.050.F,CMSID-0000434,CMSID-0000434,auto products,Vehicle ,detailing,detailing ,spray,spray,SIS,"products for cleaning, polishing, or protecting car interior surfaces, apholstery, leather, carpeting, tires, or rims (spray or aerosol formulation specified","products for cleaning, polishing, or protecting car interior surfaces, apholstery, leather, carpeting, tires, or rims (spray or aerosol formulation specified"
455,P.AP.130.999,VE.0100.030.099.F,CMSID-0000445,CMSID-0000445,auto products,Vehicle ,detailing,detailing ,NOC,NOC,LOS,"products for cleaning, polishing, or protecting car interior surfaces, apholstery, leather, carpeting, tires, or rims","products for cleaning, polishing, or protecting car interior surfaces, apholstery, leather, carpeting, tires, or rims"
479,P.AP.140.000,VE.0500.050.099.F,CMSID-0000456,CMSID-0000456,auto products,Vehicle ,motor oil,motor oil ,,NOC,LAP,petroleum-based or synthetic engine lubricants,petroleum-based or synthetic engine lubricants
458,P.AP.150.029,VE.0100.040.050.F,CMSID-0000460,CMSID-0000460,auto products,Vehicle ,windows/windshield,windows/windshield ,spray,spray,SOS,products for washing or protecting windshields or windows (spray or aerosol formulation specified),products for washing or protecting windshields or windows (spray or aerosol formulation specified)
457,P.AP.150.999,VE.0100.040.099.F,CMSID-0000471,CMSID-0000471,auto products,Vehicle ,windows/windshield,windows/windshield ,NOC,NOC,LOS,products for washing or protecting windshields or windows,products for washing or protecting windshields or windows
144,P.HM.010.029,HM.0100.010.050.F,CMSID-0000926,CMSID-0000926,home maintenance,Home maintenance ,adhesive remover,adhesive remover,spray,spray,SIS,solvent products for removing adhesives from surfaces (spray or aerosol formulation specified),solvent products for removing adhesives from surfaces (spray or aerosol formulation specified)
143,P.HM.010.999,HM.0100.010.099.F,CMSID-0000930,CMSID-0000930,home maintenance,Home maintenance ,adhesive remover,adhesive remover,NOC,NOC,LIS,solvent products for removing adhesives from surfaces,solvent products for removing adhesives from surfaces
151,P.HM.020.000,HM.0400.010.099.F,CMSID-0000941,CMSID-0000941,home maintenance,Home maintenance ,caulk/sealant,caulk/sealant,,NOC,LIS,"caulks and sealers for household use, including silicone products","caulks and sealers for household use, including silicone products"
152,P.HM.030.000,HM.0500.010.099.F,CMSID-0000952,CMSID-0000952,home maintenance,Home maintenance ,concrete,concrete,,NOC,LOS,products for patching or cleaning concrete surfaces,products for patching or cleaning concrete surfaces
154,P.HM.040.029,HM.0600.010.050.F,CMSID-0000963,CMSID-0000963,home maintenance,Home maintenance ,corrosion protection,corrosion protection,spray,spray,AIS,products for protecting metal surfaces from corrosion or removing corrosion (spray or aerosol formulation specified),products for protecting metal surfaces from corrosion or removing corrosion (spray or aerosol formulation specified)
153,P.HM.040.999,HM.0600.010.099.F,CMSID-0000974,CMSID-0000974,home maintenance,Home maintenance ,corrosion protection,corrosion protection,NOC,NOC,LIS,products for protecting metal surfaces from corrosion or removing corrosion,products for protecting metal surfaces from corrosion or removing corrosion
155,P.HM.050.000,HM.0700.010.099.F,CMSID-0000985,CMSID-0000985,home maintenance,Home maintenance ,degreaser,degreaser,,NOC,LIS,products for degreasing indoor surfaces,products for degreasing indoor surfaces
157,P.HM.060.029,HM.0800.010.050.F,CMSID-0000996,CMSID-0000996,home maintenance,Home maintenance ,finish,finish,spray,spray,AIS,"products for permanently coating and protecting wood surfaces, including polyurethane products (spray or aerosol formulation specified)","products for permanently coating and protecting wood surfaces, including polyurethane products (spray or aerosol formulation specified)"
156,P.HM.060.999,HM.0800.010.099.F,CMSID-0001003,CMSID-0001003,home maintenance,Home maintenance ,finish,finish,NOC,NOC,AIS,"products for permanently coating and protecting wood surfaces, including polyurethane products","products for permanently coating and protecting wood surfaces, including polyurethane products"
199,P.HM.070.000,HM.2100.010.099.F,CMSID-0001014,CMSID-0001014,home maintenance,Home maintenance ,grout sealer,grout sealer,,NOC,LIS,products for coating and protecting tile or grout,products for coating and protecting tile or grout
165,P.HM.080.000,HM.1200.010.099.F,CMSID-0001025,CMSID-0001025,home maintenance,Home maintenance ,lock deicer,lock deicer,,NOC,LIS,products for deicing car or residential locks,products for deicing car or residential locks
167,P.HM.090.029,HM.1300.010.050.F,CMSID-0001036,CMSID-0001036,home maintenance,Home maintenance ,lubricant,lubricant,spray,spray,AIS,household maintenance lubricants (spray or aerosol formulation specified),household maintenance lubricants (spray or aerosol formulation specified)
166,P.HM.090.999,HM.1300.010.099.F,CMSID-0001040,CMSID-0001040,home maintenance,Home maintenance ,lubricant,lubricant,NOC,NOC,LIS,household maintenance lubricants,household maintenance lubricants
200,P.HM.100.000,HM.2100.020.099.F,CMSID-0001051,CMSID-0001051,home maintenance,Home maintenance ,mortar or grout,mortar or grout,,NOC,LIS,products for attaching and grouting interior tiles,products for attaching and grouting interior tiles
146,P.HM.110.029,HM.0100.020.050.F,CMSID-0001062,CMSID-0001062,home maintenance,Home maintenance ,multipurpose adhesive,multipurpose adhesive,spray,spray,AIS,"general purpose repair adhesives including all purpose glues, super glue, and epoxies; not including wood glues (spray or aerosol formulation specified)","general purpose repair adhesives including all purpose glues, super glue, and epoxies; not including wood glues (spray or aerosol formulation specified)"
145,P.HM.110.999,HM.0100.020.099.F,CMSID-0001073,CMSID-0001073,home maintenance,Home maintenance ,multipurpose adhesive,multipurpose adhesive,NOC,NOC,LIS,"general purpose repair adhesives including all purpose glues, super glue, and epoxies; not including wood glues","general purpose repair adhesives including all purpose glues, super glue, and epoxies; not including wood glues"
168,P.HM.120.005,HM.1400.010.040.F,CMSID-0001084,CMSID-0001084,home maintenance,Home maintenance ,paint,paint,exterior,exterior,LOS,home improvement paints characterized as exterior use,home improvement paints characterized as exterior use
169,P.HM.120.009,HM.1400.010.041.F,CMSID-0001095,CMSID-0001095,home maintenance,Home maintenance ,paint,paint,interior,interior,LIS,home improvement paints characterized as interior use,home improvement paints characterized as interior use
171,P.HM.120.029,HM.1400.010.050.F,CMSID-0001105,CMSID-0001105,home maintenance,Home maintenance ,paint,paint,spray,spray,AIS,home improvement paints not characterized as to interior or exterior use (spray or aerosol formulation specified),home improvement paints not characterized as to interior or exterior use (spray or aerosol formulation specified)
170,P.HM.120.999,HM.1400.010.099.F,CMSID-0001116,CMSID-0001116,home maintenance,Home maintenance ,paint,paint,NOC,NOC,LIS,home improvement paints not characterized as to interior or exterior use,home improvement paints not characterized as to interior or exterior use
173,P.HM.130.029,HM.1400.020.050.F,CMSID-0001120,CMSID-0001120,home maintenance,Home maintenance ,paint cleaner,paint cleaner,spray,spray,AIS,paint removing products for clean-up (spray or aerosol formulation specified),paint removing products for clean-up (spray or aerosol formulation specified)
172,P.HM.130.999,HM.1400.020.099.F,CMSID-0001131,CMSID-0001131,home maintenance,Home maintenance ,paint cleaner,paint cleaner,NOC,NOC,LIS,paint removing products for clean-up,paint removing products for clean-up
174,P.HM.140.000,HM.1400.030.099.F,CMSID-0001142,CMSID-0001142,home maintenance,Home maintenance ,paint texture,paint texture,,NOC,LIS,textured paints including ceiling texture,textured paints including ceiling texture
175,P.HM.150.000,HM.1400.040.099.F,CMSID-0001153,CMSID-0001153,home maintenance,Home maintenance ,paint thinner,paint thinner,,NOC,LIS,paint or lacquer thinners,paint or lacquer thinners
184,P.HM.160.000,HM.1500.010.099.F,CMSID-0001164,CMSID-0001164,home maintenance,Home maintenance ,patch and repair,patch and repair,,NOC,LIS,"drywall, ceiling, and joint compounds, spackles, or fillers","drywall, ceiling, and joint compounds, spackles, or fillers"
186,P.HM.170.000,HM.1600.010.099.F,CMSID-0001175,CMSID-0001175,home maintenance,Home maintenance ,plumbing,plumbing,,NOC,SOL,"miscellaneous plumbing repair products (putties, tapes, cements)","miscellaneous plumbing repair products (putties, tapes, cements)"
176,P.HM.180.005,HM.1400.050.040.F,CMSID-0001186,CMSID-0001186,home maintenance,Home maintenance ,primer,primer,exterior,exterior,LOS,home improvement primers characterized as exterior use,home improvement primers characterized as exterior use
177,P.HM.180.009,HM.1400.050.041.F,CMSID-0001190,CMSID-0001190,home maintenance,Home maintenance ,primer,primer,interior,interior,LIS,home improvement primers characterized as interior use,home improvement primers characterized as interior use
179,P.HM.180.029,HM.1400.050.050.F,CMSID-0001200,CMSID-0001200,home maintenance,Home maintenance ,primer,primer,spray,spray,AIS,home improvement primers not characterized as to interior or exterior use (spray or aerosol formulation specified),home improvement primers not characterized as to interior or exterior use (spray or aerosol formulation specified)
178,P.HM.180.999,HM.1400.050.099.F,CMSID-0001211,CMSID-0001211,home maintenance,Home maintenance ,primer,primer,NOC,NOC,LIS,home improvement primers not characterized as to interior or exterior use,home improvement primers not characterized as to interior or exterior use
185,P.HM.190.000,HM.1500.020.099.F,CMSID-0001222,CMSID-0001222,home maintenance,Home maintenance ,putty or filler,putty or filler,,NOC,LIS,"putty-type crack, hole, and wood fillers","putty-type crack, hole, and wood fillers"
187,P.HM.200.000,HM.1700.010.099.F,CMSID-0001233,CMSID-0001233,home maintenance,Home maintenance ,refrigerant,refrigerant,,NOC,LAP,air conditioner or other refrigerants,air conditioner or other refrigerants
188,P.HM.210.000,HM.1800.010.099.F,CMSID-0001244,CMSID-0001244,home maintenance,Home maintenance ,roof,roof,,NOC,LOS,"products for roof maintenance or repair, including cleaners, sealers, or coatings","products for roof maintenance or repair, including cleaners, sealers, or coatings"
189,P.HM.220.000,HM.1900.010.099.F,CMSID-0001255,CMSID-0001255,home maintenance,Home maintenance ,septic system,septic system,,NOC,LDR,septic system treatment products,septic system treatment products
163,P.HM.230.000,HM.1000.010.099.F,CMSID-0001266,CMSID-0001266,home maintenance,Home maintenance ,spray foam,spray foam,,NOC,LIS,spray insulation and weatherstripping products,spray insulation and weatherstripping products
180,P.HM.240.005,HM.1400.060.040.F,CMSID-0001270,CMSID-0001270,home maintenance,Home maintenance ,stain,stain,exterior,exterior,LOS,"wood stains characterized as exterior use, including deck stains","wood stains characterized as exterior use, including deck stains"
181,P.HM.240.999,HM.1400.060.099.F,CMSID-0001281,CMSID-0001281,home maintenance,Home maintenance ,stain,stain,NOC,NOC,LOS,wood stains not characterized as interior or exterior use,wood stains not characterized as interior or exterior use
183,P.HM.250.029,HM.1400.070.050.F,CMSID-0001292,CMSID-0001292,home maintenance,Home maintenance ,stripper,stripper,spray,spray,SOS,paint and finish strippers (spray or aerosol formulation specified),paint and finish strippers (spray or aerosol formulation specified)
182,P.HM.250.999,HM.1400.070.099.F,CMSID-0001302,CMSID-0001302,home maintenance,Home maintenance ,stripper,stripper,NOC,NOC,LOS,paint and finish strippers,paint and finish strippers
196,P.HM.260.005,HM.2000.040.040.F,CMSID-0001313,CMSID-0001313,home maintenance,Home maintenance ,surface sealer,surface sealer,exterior,exterior,LOS,products for coating and protecting household surfaces characterized as exterior use,products for coating and protecting household surfaces characterized as exterior use
198,P.HM.260.029,HM.2000.040.050.F,CMSID-0001324,CMSID-0001324,home maintenance,Home maintenance ,surface sealer,surface sealer,spray,spray,AIS,products for coating and protecting household surfaces not characterized as interior or exterior use (spray or aerosol formulation specified),products for coating and protecting household surfaces not characterized as interior or exterior use (spray or aerosol formulation specified)
197,P.HM.260.999,HM.2000.040.099.F,CMSID-0001335,CMSID-0001335,home maintenance,Home maintenance ,surface sealer,surface sealer,NOC,NOC,LIS,products for coating and protecting household surfaces not characterized as interior or exterior use,products for coating and protecting household surfaces not characterized as interior or exterior use
219,P.HM.270.000,HM.2400.010.099.F,CMSID-0001346,CMSID-0001346,home maintenance,Home maintenance ,welding,welding,,NOC,XXX,"miscellaneous welding products including gases, fluxes, and adhesives","miscellaneous welding products including gases, fluxes, and adhesives"
147,P.HM.280.000,HM.0100.030.099.F,CMSID-0001350,CMSID-0001350,home maintenance,Home maintenance ,wood adhesive,wood adhesive,,NOC,LIS,adhesives specifically characterized as wood glues,adhesives specifically characterized as wood glues
110,P.HO.010.000,EL.0300.050.099.F,CMSID-0001361,CMSID-0001361,home office,Electronics/small appliances ,printer ink,printer ink,,NOC,LAP,ink for inkjet printers,ink for inkjet printers
111,P.HO.020.000,EL.0300.060.099.F,CMSID-0001372,CMSID-0001372,home office,Electronics/small appliances ,printer toner,printer toner,,NOC,LAP,laser printer toners,laser printer toners
34,P.HO.030.000,AC.0700.030.099.F,CMSID-0001383,CMSID-0001383,home office,Arts and crafts/Office supplies ,white out,white out,,NOC,LIS,correction fluids for ink or type,correction fluids for ink or type
44,P.IH.010.007,CP.0100.010.051.F,CMSID-0001394,CMSID-0001394,inside the home,Cleaning products and household care ,air freshener,air freshener,gel,gel,AIA,home air fresheners (gel formulation specified),home air fresheners (gel formulation specified)
45,P.IH.010.013,CP.0100.010.052.F,CMSID-0001404,CMSID-0001404,inside the home,Cleaning products and household care ,air freshener,air freshener,liquid,liquid,LIS,home air fresheners (liquid formulation specified),home air fresheners (liquid formulation specified)
47,P.IH.010.016,CP.0100.010.054.F,CMSID-0001415,CMSID-0001415,inside the home,Cleaning products and household care ,air freshener,air freshener,oil or diffuse,oil or diffuse,LIS,home air fresheners (oil formulations or diffusers),home air fresheners (oil formulations or diffusers)
48,P.IH.010.029,CP.0100.010.050.F,CMSID-0001426,CMSID-0001426,inside the home,Cleaning products and household care ,air freshener,air freshener,spray,spray,AIA,home air fresheners (spray or aerosol formulation specified),home air fresheners (spray or aerosol formulation specified)
46,P.IH.010.999,CP.0100.010.099.F,CMSID-0001430,CMSID-0001430,inside the home,Cleaning products and household care ,air freshener,air freshener,NOC,NOC,AIA,home air fresheners,home air fresheners
57,P.IH.020.000,CP.0400.020.099.F,CMSID-0001441,CMSID-0001441,inside the home,Cleaning products and household care ,automatic dishwashing additive,automatic dishwashing additive,,NOC,LAP,"rinse aids, spot removers, and dishwasher cleaners","rinse aids, spot removers, and dishwasher cleaners"
58,P.IH.030.007,CP.0400.030.051.F,CMSID-0001452,CMSID-0001452,inside the home,Cleaning products and household care ,automatic dishwashing detergent,automatic dishwashing detergent,gel,gel,LAP,detergents for automatic dishwashers (gel formulation specified),detergents for automatic dishwashers (gel formulation specified)
60,P.IH.030.023,CP.0400.030.053.F,CMSID-0001463,CMSID-0001463,inside the home,Cleaning products and household care ,automatic dishwashing detergent,automatic dishwashing detergent,powder,powder,DAP,detergents for automatic dishwashers (powder formulation specified),detergents for automatic dishwashers (powder formulation specified)
59,P.IH.030.999,CP.0400.030.099.F,CMSID-0001474,CMSID-0001474,inside the home,Cleaning products and household care ,automatic dishwashing detergent,automatic dishwashing detergent,NOC,NOC,LAP,detergents for automatic dishwashers,detergents for automatic dishwashers
50,P.IH.040.029,CP.0200.010.050.F,CMSID-0001485,CMSID-0001485,inside the home,Cleaning products and household care ,bathroom cleaner,bathroom cleaner,spray,spray,AIS,"bathtub, tile, and toilet surface cleaners (spray or aerosol formulation specified)","bathtub, tile, and toilet surface cleaners (spray or aerosol formulation specified)"
49,P.IH.040.999,CP.0200.010.099.F,CMSID-0001496,CMSID-0001496,inside the home,Cleaning products and household care ,bathroom cleaner,bathroom cleaner,NOC,NOC,LIS,"bathtub, tile, and toilet surface cleaners","bathtub, tile, and toilet surface cleaners"
64,P.IH.050.000,CP.0700.010.099.F,CMSID-0001506,CMSID-0001506,inside the home,Cleaning products and household care ,bleach,bleach,,NOC,LIS,bleaches (including color-safe bleaches),bleaches (including color-safe bleaches)
52,P.IH.070.029,CP.0300.010.050.F,CMSID-0001521,CMSID-0001521,inside the home,Cleaning products and household care ,carpet cleaner,carpet cleaner,spray,spray,AIS,carpet cleaning products and machine solutions (spray or aerosol formulation specified),carpet cleaning products and machine solutions (spray or aerosol formulation specified)
51,P.IH.070.999,CP.0300.010.099.F,CMSID-0001532,CMSID-0001532,inside the home,Cleaning products and household care ,carpet cleaner,carpet cleaner,NOC,NOC,LIS,carpet cleaning products and machine solutions,carpet cleaning products and machine solutions
53,P.IH.080.000,CP.0300.020.099.F,CMSID-0001543,CMSID-0001543,inside the home,Cleaning products and household care ,carpet deodorizer,carpet deodorizer,,NOC,DIS,carpet deodorizers,carpet deodorizers
61,P.IH.090.000,CP.0400.040.099.F,CMSID-0001554,CMSID-0001554,inside the home,Cleaning products and household care ,dish soap,dish soap,,NOC,LIS,hand dish washing liquids and detergents,hand dish washing liquids and detergents
66,P.IH.100.029,CP.0700.020.050.F,CMSID-0001565,CMSID-0001565,inside the home,Cleaning products and household care ,disinfectant,disinfectant,spray,spray,AIS,disinfecting liquids (spray or aerosol formulation specified),disinfecting liquids (spray or aerosol formulation specified)
65,P.IH.100.999,CP.0700.020.099.F,CMSID-0001576,CMSID-0001576,inside the home,Cleaning products and household care ,disinfectant,disinfectant,NOC,NOC,LIS,disinfecting liquids (including wipes),disinfecting liquids (including wipes)
62,P.IH.110.000,CP.0500.010.099.F,CMSID-0001580,CMSID-0001580,inside the home,Cleaning products and household care ,drain,drain,,NOC,LDR,drain openers or digesters,drain openers or digesters
77,P.IH.120.000,CP.1200.010.099.F,CMSID-0001591,CMSID-0001591,inside the home,Cleaning products and household care ,dry cleaner,dry cleaner,,NOC,LIS,dry cleaning fluids or kits for home use,dry cleaning fluids or kits for home use
78,P.IH.130.000,CP.1200.020.099.F,CMSID-0001601,CMSID-0001601,inside the home,Cleaning products and household care ,dryer sheets,dryer sheets,,NOC,DAP,dryer fabric softener sheets,dryer fabric softener sheets
113,P.IH.140.029,EL.0400.010.050.F,CMSID-0001612,CMSID-0001612,inside the home,Electronics/small appliances ,electronics cleaner,electronics cleaner,spray,spray,AIS,miscellaneous products for cleaning home electronic equipment (including surface cleaners or cleaners for interior parts)  (spray or aerosol formulation spec,miscellaneous products for cleaning home electronic equipment (including surface cleaners or cleaners for interior parts)  (spray or aerosol formulation spec
112,P.IH.140.999,EL.0400.010.099.F,CMSID-0001623,CMSID-0001623,inside the home,Electronics/small appliances ,electronics cleaner,electronics cleaner,NOC,NOC,LIS,miscellaneous products for cleaning home electronic equipment (including surface cleaners or cleaners for interior parts),miscellaneous products for cleaning home electronic equipment (including surface cleaners or cleaners for interior parts)
79,P.IH.150.000,CP.1200.030.099.F,CMSID-0001634,CMSID-0001634,inside the home,Cleaning products and household care ,fabric deodorizer,fabric deodorizer,,NOC,SIS,spray fabric deodorizers,spray fabric deodorizers
80,P.IH.160.000,CP.1200.040.099.F,CMSID-0001645,CMSID-0001645,inside the home,Cleaning products and household care ,fabric protectant,fabric protectant,,NOC,SIS,fabric protectants and wrinkle releasers,fabric protectants and wrinkle releasers
81,P.IH.170.000,CP.1200.050.099.F,CMSID-0001656,CMSID-0001656,inside the home,Cleaning products and household care ,fabric softener,fabric softener,,NOC,LAP,fabric softeners (excluding dryer sheets),fabric softeners (excluding dryer sheets)
63,P.IH.180.000,CP.0600.010.099.F,CMSID-0001660,CMSID-0001660,inside the home,Cleaning products and household care ,fireplace,fireplace,,NOC,XXX,miscellaneous fireplace and firepit products,miscellaneous fireplace and firepit products
54,P.IH.190.000,CP.0300.030.099.F,CMSID-0001671,CMSID-0001671,inside the home,Cleaning products and household care ,floor cleaner,floor cleaner,,NOC,LIS,hard floor cleaners (including  premoistened wipes and pads),hard floor cleaners (including  premoistened wipes and pads)
55,P.IH.200.000,CP.0300.040.099.F,CMSID-0001682,CMSID-0001682,inside the home,Cleaning products and household care ,floor polish,floor polish,,NOC,LIS,hard floor shining and waxing products,hard floor shining and waxing products
68,P.IH.210.029,CP.0700.030.050.F,CMSID-0001693,CMSID-0001693,inside the home,Cleaning products and household care ,glass cleaner,glass cleaner,spray,spray,SIS,glass and window cleaners (spray or aerosol formulation specified),glass and window cleaners (spray or aerosol formulation specified)
67,P.IH.210.999,CP.0700.030.099.F,CMSID-0001703,CMSID-0001703,inside the home,Cleaning products and household care ,glass cleaner,glass cleaner,NOC,NOC,LIS,glass and window cleaners,glass and window cleaners
71,P.IH.220.000,CP.0800.010.099.F,CMSID-0001714,CMSID-0001714,inside the home,Cleaning products and household care ,hand cleaner,hand cleaner,,NOC,LBS,products marketed as hand cleaners (solvent-based),products marketed as hand cleaners (solvent-based)
73,P.IH.230.029,CP.0900.010.050.F,CMSID-0001725,CMSID-0001725,inside the home,Cleaning products and household care ,heavy duty cleaner,heavy duty cleaner,spray,spray,SIS,heavy duty or concentrated multipurpose cleaners (spray or aerosol formulation specified),heavy duty or concentrated multipurpose cleaners (spray or aerosol formulation specified)
72,P.IH.230.999,CP.0900.010.099.F,CMSID-0001736,CMSID-0001736,inside the home,Cleaning products and household care ,heavy duty cleaner,heavy duty cleaner,NOC,NOC,LIS,heavy duty or concentrated multipurpose cleaners,heavy duty or concentrated multipurpose cleaners
75,P.IH.240.029,CP.1000.010.050.F,CMSID-0001740,CMSID-0001740,inside the home,Cleaning products and household care ,houseplant care,houseplant care,spray,spray,SIS,"houseplant and cut flower foods, fertilizers, or pesticides (spray or aerosol formulation specified)","houseplant and cut flower foods, fertilizers, or pesticides (spray or aerosol formulation specified)"
74,P.IH.240.999,CP.1000.010.099.F,CMSID-0001751,CMSID-0001751,inside the home,Cleaning products and household care ,houseplant care,houseplant care,NOC,NOC,SIS,"houseplant and cut flower foods, fertilizers, or pesticides","houseplant and cut flower foods, fertilizers, or pesticides"
76,P.IH.250.000,CP.1100.010.099.F,CMSID-0001762,CMSID-0001762,inside the home,Cleaning products and household care ,lamp oil/lighter fluid,lamp oil/lighter fluid,,NOC,LAP,"lighters, lighter fluids, and other indoor fuels","lighters, lighter fluids, and other indoor fuels"
82,P.IH.260.013,CP.1200.060.052.F,CMSID-0001773,CMSID-0001773,inside the home,Cleaning products and household care ,laundry detergent,laundry detergent,liquid,liquid,LAP,laundry detergents and soaps (liquid formulation specified),laundry detergents and soaps (liquid formulation specified)
84,P.IH.260.023,CP.1200.060.053.F,CMSID-0001784,CMSID-0001784,inside the home,Cleaning products and household care ,laundry detergent,laundry detergent,powder,powder,DAP,laundry detergents and soaps (powder formulation specified),laundry detergents and soaps (powder formulation specified)
83,P.IH.260.999,CP.1200.060.099.F,CMSID-0001795,CMSID-0001795,inside the home,Cleaning products and household care ,laundry detergent,laundry detergent,NOC,NOC,LAP,laundry detergents and soaps,laundry detergents and soaps
85,P.IH.270.000,CP.1200.070.099.F,CMSID-0001805,CMSID-0001805,inside the home,Cleaning products and household care ,laundry fragrance,laundry fragrance,,NOC,LAP,scent products to be added to wash,scent products to be added to wash
87,P.IH.280.029,CP.1200.080.050.F,CMSID-0001816,CMSID-0001816,inside the home,Cleaning products and household care ,laundry stain remover,laundry stain remover,spray,spray,SIS,stain removers or laundry pre-treatment products (spray or aerosol formulation specified),stain removers or laundry pre-treatment products (spray or aerosol formulation specified)
86,P.IH.280.999,CP.1200.080.099.F,CMSID-0001820,CMSID-0001820,inside the home,Cleaning products and household care ,laundry stain remover,laundry stain remover,NOC,NOC,LIS,stain removers or laundry pre-treatment products,stain removers or laundry pre-treatment products
89,P.IH.290.029,CP.1200.090.050.F,CMSID-0001831,CMSID-0001831,inside the home,Cleaning products and household care ,laundry starch,laundry starch,spray,spray,AIS,fabric starches (spray or aerosol formulation specified),fabric starches (spray or aerosol formulation specified)
88,P.IH.290.999,CP.1200.090.099.F,CMSID-0001842,CMSID-0001842,inside the home,Cleaning products and household care ,laundry starch,laundry starch,NOC,NOC,AIS,fabric starches,fabric starches
90,P.IH.300.000,CP.1300.010.099.F,CMSID-0001853,CMSID-0001853,inside the home,Cleaning products and household care ,lime remover,lime remover,,NOC,LIS,products for removing lime or scale from surfaces,products for removing lime or scale from surfaces
91,P.IH.310.000,CP.1400.010.099.F,CMSID-0001864,CMSID-0001864,inside the home,Cleaning products and household care ,metal polish,metal polish,,NOC,LIS,cleaning products for metal surfaces,cleaning products for metal surfaces
93,P.IH.320.029,CP.1500.010.050.F,CMSID-0001875,CMSID-0001875,inside the home,Cleaning products and household care ,oven cleaner,oven cleaner,spray,spray,AIS,oven and grill cleaners (spray or aerosol formulation specified),oven and grill cleaners (spray or aerosol formulation specified)
92,P.IH.320.999,CP.1500.010.099.F,CMSID-0001886,CMSID-0001886,inside the home,Cleaning products and household care ,oven cleaner,oven cleaner,NOC,NOC,AIS,oven and grill cleaners,oven and grill cleaners
94,P.IH.330.000,CP.1600.010.099.F,CMSID-0001890,CMSID-0001890,inside the home,Cleaning products and household care ,shoe polish or protectant,shoe polish or protectant,,NOC,LIS,"shoe polishes, cleaners, and protectants","shoe polishes, cleaners, and protectants"
70,P.IH.340.029,CP.0700.040.050.F,CMSID-0001900,CMSID-0001900,inside the home,Cleaning products and household care ,surface cleaner,surface cleaner,spray,spray,SIS,hard surface and kitchen surface cleaners (spray or aerosol formulation specified),hard surface and kitchen surface cleaners (spray or aerosol formulation specified)
69,P.IH.340.999,CP.0700.040.099.F,CMSID-0001911,CMSID-0001911,inside the home,Cleaning products and household care ,surface cleaner,surface cleaner,NOC,NOC,SIS,hard surface and kitchen surface cleaners,hard surface and kitchen surface cleaners
95,P.IH.350.000,CP.1700.010.099.F,CMSID-0001922,CMSID-0001922,inside the home,Cleaning products and household care ,upholstery cleaner,upholstery cleaner,,NOC,SIS,upholstery fabric cleaners,upholstery fabric cleaners
97,P.IH.360.029,CP.1800.010.050.F,CMSID-0001933,CMSID-0001933,inside the home,Cleaning products and household care ,wood polish,wood polish,spray,spray,AIS,wood or furniture dusting or polishing products (spray or aerosol formulation specified),wood or furniture dusting or polishing products (spray or aerosol formulation specified)
96,P.IH.360.999,CP.1800.010.099.F,CMSID-0001944,CMSID-0001944,inside the home,Cleaning products and household care ,wood polish,wood polish,NOC,NOC,LIS,wood or furniture dusting or polishing products,wood or furniture dusting or polishing products
220,P.LY.010.005,LY.0100.010.040.F,CMSID-0001955,CMSID-0001955,landscape/yard,Landscape/Yard ,cleaner,cleaner,exterior,exterior,LOS,"exterior surface (e.g. deck, house, driveway) cleaners","exterior surface (e.g. deck, house, driveway) cleaners"
226,P.LY.020.000,LY.0600.010.099.F,CMSID-0001966,CMSID-0001966,landscape/yard,Landscape/Yard ,garden care,garden care,,NOC,DOS,miscellaneous garden care products not otherwise characterized (e.g. rooting powders),miscellaneous garden care products not otherwise characterized (e.g. rooting powders)
227,P.LY.030.000,LY.0600.020.099.F,CMSID-0001970,CMSID-0001970,landscape/yard,Landscape/Yard ,garden fertilizer,garden fertilizer,,NOC,DOS,"fertilizers for vegetable or flower gardens, including in combination with pest/weed controllers","fertilizers for vegetable or flower gardens, including in combination with pest/weed controllers"
221,P.LY.040.000,LY.0200.010.099.F,CMSID-0001981,CMSID-0001981,landscape/yard,Landscape/Yard ,grill/camping fuel,grill/camping fuel,,NOC,LAP,"grill, lantern and camping stove fuels, including briquets","grill, lantern and camping stove fuels, including briquets"
223,P.LY.050.029,LY.0300.010.050.F,CMSID-0001992,CMSID-0001992,landscape/yard,Landscape/Yard ,herbicide,herbicide,spray,spray,SOS,"herbicides, weed killers, and brush killers (spray or aerosol formulation specified)","herbicides, weed killers, and brush killers (spray or aerosol formulation specified)"
222,P.LY.050.999,LY.0300.010.099.F,CMSID-0002006,CMSID-0002006,landscape/yard,Landscape/Yard ,herbicide,herbicide,NOC,NOC,LOS,"herbicides, weed killers, and brush killers","herbicides, weed killers, and brush killers"
224,P.LY.060.000,LY.0400.010.099.F,CMSID-0002010,CMSID-0002010,landscape/yard,Landscape/Yard ,lawn fertilizer,lawn fertilizer,,NOC,DOS,"fertilizers for lawns, including in combination with pest/weed controllers","fertilizers for lawns, including in combination with pest/weed controllers"
225,P.LY.070.000,LY.0500.010.099.F,CMSID-0002021,CMSID-0002021,landscape/yard,Landscape/Yard ,lawnmower fluids,lawnmower fluids,,NOC,LAP,oils and other fluids for lawnmowers or other small yard care equipment,oils and other fluids for lawnmowers or other small yard care equipment
228,P.LY.080.000,LY.0600.030.099.F,CMSID-0002032,CMSID-0002032,landscape/yard,Landscape/Yard ,mulch,mulch,,NOC,DOS,"mulches, including those with weed controllers","mulches, including those with weed controllers"
231,P.LY.090.002,LY.0700.010.030.F,CMSID-0002043,CMSID-0002043,landscape/yard,Landscape/Yard ,pool chemicals,pool chemicals,algaecide,algaecide,XXX,"algaecidal products for pools, hot tubs, and spas","algaecidal products for pools, hot tubs, and spas"
232,P.LY.090.003,LY.0700.010.031.F,CMSID-0002054,CMSID-0002054,landscape/yard,Landscape/Yard ,pool chemicals,pool chemicals,chlorinating,chlorinating,XXX,"chlorinating products for pools, hot tubs, and spas","chlorinating products for pools, hot tubs, and spas"
234,P.LY.090.022,LY.0700.010.032.F,CMSID-0002065,CMSID-0002065,landscape/yard,Landscape/Yard ,pool chemicals,pool chemicals,ph control,ph control,XXX,"ph control products for pools, hot tubs, and spas","ph control products for pools, hot tubs, and spas"
235,P.LY.090.025,LY.0700.010.033.F,CMSID-0002076,CMSID-0002076,landscape/yard,Landscape/Yard ,pool chemicals,pool chemicals,shock,shock,XXX,"shock products for pools, hot tubs, and spas","shock products for pools, hot tubs, and spas"
233,P.LY.090.999,LY.0700.010.099.F,CMSID-0002080,CMSID-0002080,landscape/yard,Landscape/Yard ,pool chemicals,pool chemicals,NOC,NOC,XXX,"products not otherwise characterized for pools, hot tubs, and spas","products not otherwise characterized for pools, hot tubs, and spas"
229,P.LY.100.000,LY.0600.040.099.F,CMSID-0002091,CMSID-0002091,landscape/yard,Landscape/Yard ,potting soil,potting soil,,NOC,DIS,potting soil and vermiculite,potting soil and vermiculite
236,P.LY.110.000,LY.0800.010.099.F,CMSID-0002101,CMSID-0002101,landscape/yard,Landscape/Yard ,surface deicer,surface deicer,,NOC,LOS,products for deicing surfaces,products for deicing surfaces
230,P.LY.120.000,LY.0600.050.099.F,CMSID-0002112,CMSID-0002112,landscape/yard,Landscape/Yard ,trees,trees,,NOC,LOS,miscellaneous tree care products including sealers,miscellaneous tree care products including sealers
243,P.PC.010.029,PC.0100.010.050.F,CMSID-0002145,CMSID-0002145,personal care,Personal care ,acne spot treatment,acne spot treatment,spray,spray,SBS,creams and wipes for spot-treating acne (spray or aerosol formulation specified,creams and wipes for spot-treating acne (spray or aerosol formulation specified
242,P.PC.010.999,PC.0100.010.099.F,CMSID-0002156,CMSID-0002156,personal care,Personal care ,acne spot treatment,acne spot treatment,NOC,NOC,LBS,creams and wipes for spot-treating acne,creams and wipes for spot-treating acne
380,P.PC.020.000,PC.2700.040.099.F,CMSID-0002160,CMSID-0002160,personal care,Personal care ,aftershave,aftershave ,,NOC,LBS,"lotions, balms, liquids, and gels for post-shave applications (usually fragranced)","lotions, balms, liquids, and gels for post-shave applications (usually fragranced)"
258,P.PC.030.000,PC.0800.010.001.F,CMSID-0002171,CMSID-0002171,personal care,Personal care ,baby lotion,baby lotion,,child,LBS,baby cream or lotion (excluding diaper creams),baby cream or lotion (excluding diaper creams)
259,P.PC.040.000,PC.0800.020.001.F,CMSID-0002182,CMSID-0002182,personal care,Personal care ,baby oil,baby oil,,child,LBS,skin oils specifically marketed for babies,skin oils specifically marketed for babies
260,P.PC.050.000,PC.0800.030.001.F,CMSID-0002193,CMSID-0002193,personal care,Personal care ,baby powder,baby powder,,child,DBS,powders specifically marketed for babies,powders specifically marketed for babies
261,P.PC.060.000,PC.0800.040.001.F,CMSID-0002203,CMSID-0002203,personal care,Personal care ,baby shampoo,baby shampoo,,child,LHN,shampoos specifically marketed for babies,shampoos specifically marketed for babies
262,P.PC.070.000,PC.0800.050.001.F,CMSID-0002214,CMSID-0002214,personal care,Personal care ,baby wash,baby wash,,child,LBS,body washes and cleaners specifically marketed for babies,body washes and cleaners specifically marketed for babies
263,P.PC.080.000,PC.0800.060.001.F,CMSID-0002225,CMSID-0002225,personal care,Personal care ,baby wipes,baby wipes,,child,LBS,diaper and other baby wipes,diaper and other baby wipes
247,P.PC.090.000,PC.0500.010.099.F,CMSID-0002236,CMSID-0002236,personal care,Personal care ,bar soap,bar soap,,NOC,LBS,bar and other solid soaps,bar and other solid soaps
387,P.PC.100.000,PC.2800.010.099.F,CMSID-0002240,CMSID-0002240,personal care,Personal care ,bath oil,bath oil ,,NOC,BAT,bath oils or oil-filled beads,bath oils or oil-filled beads
264,P.PC.110.000,PC.0800.070.001.F,CMSID-0002251,CMSID-0002251,personal care,Personal care ,bath paints/crayons,bath paints/crayons,,child,LIS,bath paints or bath crayons,bath paints or bath crayons
388,P.PC.120.000,PC.2800.020.099.F,CMSID-0002262,CMSID-0002262,personal care,Personal care ,bath salts,bath salts ,,NOC,BAT,"bath salts, soaks, and fizzes","bath salts, soaks, and fizzes"
244,P.PC.130.000,PC.0200.010.099.F,CMSID-0002273,CMSID-0002273,personal care,Personal care ,bite relief,bite relief,,NOC,LBS,soothing treatments for insect bites,soothing treatments for insect bites
351,P.PC.140.000,PC.2300.010.099.F,CMSID-0002284,CMSID-0002284,personal care,Personal care ,blush/bronzer,blush/bronzer,,NOC,DBS,"cheek blushes, bronzers, and rouges","cheek blushes, bronzers, and rouges"
245,P.PC.150.000,PC.0300.010.099.F,CMSID-0002295,CMSID-0002295,personal care,Personal care ,body adhesive,body adhesive,,NOC,LBS,NA,NA
246,P.PC.160.000,PC.0400.010.099.F,CMSID-0002305,CMSID-0002305,personal care,Personal care ,body care set,body care set,,NOC,LBS,multicomponent body care or bath set for which individual products are not designated,multicomponent body care or bath set for which individual products are not designated
256,P.PC.170.029,PC.0600.010.050.F,CMSID-0002316,CMSID-0002316,personal care,Personal care ,body oil,body oil,spray,spray,SBS,"body oils (not including baby or bath oils, spray or aerosol formulation specified)","body oils (not including baby or bath oils, spray or aerosol formulation specified)"
255,P.PC.170.999,PC.0600.010.099.F,CMSID-0002320,CMSID-0002320,personal care,Personal care ,body oil,body oil,NOC,NOC,LBS,body oils (not including baby or bath oils),body oils (not including baby or bath oils)
257,P.PC.180.000,PC.0700.010.099.F,CMSID-0002331,CMSID-0002331,personal care,Personal care ,body powder,body powder,,NOC,DBS,talcum and dusting powders for the body,talcum and dusting powders for the body
248,P.PC.190.000,PC.0500.020.099.F,CMSID-0002342,CMSID-0002342,personal care,Personal care ,body scrub,body scrub,,NOC,LBS,body cleaners containing abrasives or exfoliants,body cleaners containing abrasives or exfoliants
249,P.PC.200.000,PC.0500.030.099.F,CMSID-0002353,CMSID-0002353,personal care,Personal care ,body wash,body wash,,NOC,LBS,"body cleaners, washes, shower gels","body cleaners, washes, shower gels"
250,P.PC.210.000,PC.0500.040.099.F,CMSID-0002364,CMSID-0002364,personal care,Personal care ,body wipes,body wipes,,NOC,LBS,body wipes and towelettes (excluding diaper or baby wipes),body wipes and towelettes (excluding diaper or baby wipes)
389,P.PC.220.000,PC.2800.030.099.F,CMSID-0002375,CMSID-0002375,personal care,Personal care ,bubble bath,bubble bath ,,NOC,BAT,bubble baths,bubble baths
381,P.PC.230.000,PC.2700.050.099.F,CMSID-0002386,CMSID-0002386,personal care,Personal care ,clipper lubricant/cleaner,clipper lubricant/cleaner ,,NOC,LIS,cleaning and lubricating products for hair clippers,cleaning and lubricating products for hair clippers
282,P.PC.240.029,PC.1100.020.050.F,CMSID-0002390,CMSID-0002390,personal care,Personal care ,contact care,contact care,spray,spray,SBS,contact lense cleaners and solutions (spray or aerosol formulation specified),contact lense cleaners and solutions (spray or aerosol formulation specified)
281,P.PC.240.999,PC.1100.020.099.F,CMSID-0002400,CMSID-0002400,personal care,Personal care ,contact care,contact care,NOC,NOC,LBS,contact lense cleaners and solutions,contact lense cleaners and solutions
352,P.PC.250.000,PC.2300.020.099.F,CMSID-0002411,CMSID-0002411,personal care,Personal care ,cosmetic tool cleaner,cosmetic tool cleaner,,NOC,LIS,NA,NA
269,P.PC.260.000,PC.0900.030.099.F,CMSID-0002422,CMSID-0002422,personal care,Personal care ,denture adhesive,denture adhesive,,NOC,LGI,denture adhesives,denture adhesives
270,P.PC.270.000,PC.0900.040.099.F,CMSID-0002433,CMSID-0002433,personal care,Personal care ,denture cleaner,denture cleaner,,NOC,LGI,denture cleansers,denture cleansers
276,P.PC.280.007,PC.1000.010.051.F,CMSID-0002444,CMSID-0002444,personal care,Personal care ,deodorant,deodorant,gel,gel,LBS,deodorants and antiperspirants (gel formulation specified),deodorants and antiperspirants (gel formulation specified)
278,P.PC.280.028,PC.1000.010.056.F,CMSID-0002455,CMSID-0002455,personal care,Personal care ,deodorant,deodorant,solid,solid,LBS,deodorants and antiperspirants (solid formulation specified),deodorants and antiperspirants (solid formulation specified)
279,P.PC.280.029,PC.1000.010.050.F,CMSID-0002466,CMSID-0002466,personal care,Personal care ,deodorant,deodorant,spray,spray,ABS,deodorants and antiperspirants (spray or aerosol formulation specified),deodorants and antiperspirants (spray or aerosol formulation specified)
277,P.PC.280.999,PC.1000.010.099.F,CMSID-0002470,CMSID-0002470,personal care,Personal care ,deodorant,deodorant,NOC,NOC,LBS,deodorants and antiperspirants not otherwise characterized,deodorants and antiperspirants not otherwise characterized
383,P.PC.290.029,PC.2700.060.050.F,CMSID-0002481,CMSID-0002481,personal care,Personal care ,depilatory,depilatory ,spray,spray,ABS,chemical products for removal of body or facial hair (spray or aerosol formulation specified),chemical products for removal of body or facial hair (spray or aerosol formulation specified)
382,P.PC.290.999,PC.2700.060.099.F,CMSID-0002492,CMSID-0002492,personal care,Personal care ,depilatory,depilatory ,NOC,NOC,LBS,chemical products for removal of body or facial hair,chemical products for removal of body or facial hair
265,P.PC.300.000,PC.0800.080.001.F,CMSID-0002502,CMSID-0002502,personal care,Personal care ,diaper cream,diaper cream,,child,LBS,diaper creams and ointments,diaper creams and ointments
324,P.PC.310.029,PC.2000.070.050.F,CMSID-0002513,CMSID-0002513,personal care,Personal care ,dry shampoo,dry shampoo,spray,spray,SHN,dry shampoos for removing hair oils (spray or aerosol formulation specified),dry shampoos for removing hair oils (spray or aerosol formulation specified)
323,P.PC.310.999,PC.2000.070.099.F,CMSID-0002524,CMSID-0002524,personal care,Personal care ,dry shampoo,dry shampoo,NOC,NOC,AHN,dry shampoos for removing hair oils,dry shampoos for removing hair oils
326,P.PC.320.000,PC.2000.080.099.F,CMSID-0002535,CMSID-0002535,personal care,Personal care ,ethnic hair care,ethnic hair care,,NOC,LHN,"products for ethnic hair care, including wrap set lotions and pressing lotions (excluding relaxers)","products for ethnic hair care, including wrap set lotions and pressing lotions (excluding relaxers)"
283,P.PC.330.000,PC.1100.030.099.F,CMSID-0002546,CMSID-0002546,personal care,Personal care ,eye cream,eye cream,,NOC,LBS,creams and moisturizers for specific treatment of eye area,creams and moisturizers for specific treatment of eye area
284,P.PC.340.000,PC.1100.040.099.F,CMSID-0002550,CMSID-0002550,personal care,Personal care ,eye drops,eye drops,,NOC,LBS,products for lubricating eyes or treating redness,products for lubricating eyes or treating redness
285,P.PC.350.000,PC.1100.050.050.F,CMSID-0002561,CMSID-0002561,personal care,Personal care ,eye lid spray,eye lid spray,spray,spray,SBS,NA,NA
353,P.PC.360.013,PC.2300.030.052.F,CMSID-0002572,CMSID-0002572,personal care,Personal care ,eye liner,eye liner,liquid,liquid,LBS,eye liners or brow coloring products (liquid or gel formulation specified),eye liners or brow coloring products (liquid or gel formulation specified)
354,P.PC.360.999,PC.2300.030.099.F,CMSID-0002583,CMSID-0002583,personal care,Personal care ,eye liner,eye liner,NOC,NOC,LBS,eye liners or brow coloring products,eye liners or brow coloring products
355,P.PC.370.000,PC.2300.040.099.F,CMSID-0002594,CMSID-0002594,personal care,Personal care ,eye makeup,eye makeup,NOC,NOC,LBS,miscellaneous cosmetic eye products including lash adhesives and tints,miscellaneous cosmetic eye products including lash adhesives and tints
286,P.PC.380.000,PC.1100.060.099.F,CMSID-0002604,CMSID-0002604,personal care,Personal care ,eye products,eye products,NOC,NOC,LBS,NA,NA
356,P.PC.390.000,PC.2300.050.099.F,CMSID-0002615,CMSID-0002615,personal care,Personal care ,eye shadow,eye shadow,,NOC,DBS,products for coloring eye lids,products for coloring eye lids
287,P.PC.400.000,PC.1200.010.099.F,CMSID-0002626,CMSID-0002626,personal care,Personal care ,face cleansing wipes,face cleansing wipes,,NOC,LBS,textile wipes or pads treated with cleansing solution,textile wipes or pads treated with cleansing solution
289,P.PC.410.029,PC.1200.020.050.F,CMSID-0002630,CMSID-0002630,personal care,Personal care ,face cream/moisturizer,face cream/moisturizer,spray,spray,ABS,"moisturizers, lotions, and creams for primarily treating the face (excluding eye-specific products) (spray or aerosol formulation specified)","moisturizers, lotions, and creams for primarily treating the face (excluding eye-specific products) (spray or aerosol formulation specified)"
288,P.PC.410.999,PC.1200.020.099.F,CMSID-0002641,CMSID-0002641,personal care,Personal care ,face cream/moisturizer,face cream/moisturizer,NOC,NOC,LBS,"moisturizers, lotions, and creams for primarily treating the face (excluding eye-specific products)","moisturizers, lotions, and creams for primarily treating the face (excluding eye-specific products)"
290,P.PC.420.000,PC.1200.030.099.F,CMSID-0002652,CMSID-0002652,personal care,Personal care ,face mask,face mask,,NOC,LBS,leave-on masks or peels for treatment of the face,leave-on masks or peels for treatment of the face
357,P.PC.430.000,PC.2300.060.099.F,CMSID-0002663,CMSID-0002663,personal care,Personal care ,face powder,face powder,,NOC,DBS,pressed or loose powders for face,pressed or loose powders for face
291,P.PC.440.001,PC.0100.020.099.F,CMSID-0002674,CMSID-0002674,personal care,Personal care ,face scrub,face scrub,acne,NOC,LBS,"facial cleansing products containing exfoliating particles, for acne treatment","facial cleansing products containing exfoliating particles, for acne treatment"
292,P.PC.440.999,PC.1200.040.099.F,CMSID-0002685,CMSID-0002685,personal care,Personal care ,face scrub,face scrub,NOC,NOC,LBS,facial cleansing products containing exfoliating particles (excluding products for acne),facial cleansing products containing exfoliating particles (excluding products for acne)
293,P.PC.450.001,PC.0100.030.099.F,CMSID-0002696,CMSID-0002696,personal care,Personal care ,face wash,face wash,acne,NOC,LBS,"facial cleansing products (excluding scrubs), for acne treatment","facial cleansing products (excluding scrubs), for acne treatment"
295,P.PC.450.029,PC.1200.050.050.F,CMSID-0002706,CMSID-0002706,personal care,Personal care ,face wash,face wash,spray,spray,SBS,facial cleansing products (excluding scrubs) (spray or aerosol formulation specified),facial cleansing products (excluding scrubs) (spray or aerosol formulation specified)
294,P.PC.450.999,PC.1200.050.099.F,CMSID-0002710,CMSID-0002710,personal care,Personal care ,face wash,face wash,NOC,NOC,LBS,facial cleansing products (excluding scrubs and products for acne),facial cleansing products (excluding scrubs and products for acne)
300,P.PC.460.029,PC.1500.010.050.F,CMSID-0002721,CMSID-0002721,personal care,Personal care ,foot care,foot care,spray,spray,ABS,"miscellaneous products for application to feet, including scrubs, lotions, and deodorants (spray or aerosol formulation specified)","miscellaneous products for application to feet, including scrubs, lotions, and deodorants (spray or aerosol formulation specified)"
299,P.PC.460.999,PC.1500.010.099.F,CMSID-0002732,CMSID-0002732,personal care,Personal care ,foot care,foot care,NOC,NOC,LBS,"miscellaneous products for application to feet, including scrubs, lotions, and deodorants","miscellaneous products for application to feet, including scrubs, lotions, and deodorants"
358,P.PC.470.000,PC.2300.070.099.F,CMSID-0002743,CMSID-0002743,personal care,Personal care ,foundation/concealer,foundation/concealer,,NOC,LBS,liquid or cream foundation make-ups and concealers,liquid or cream foundation make-ups and concealers
302,P.PC.480.029,PC.1600.010.050.F,CMSID-0002754,CMSID-0002754,personal care,Personal care ,fragrance,fragrance,spray,spray,ABS,"fragrances, colognes, and perfumes (spray or aerosol formulation specified)","fragrances, colognes, and perfumes (spray or aerosol formulation specified)"
301,P.PC.480.999,PC.1600.010.099.F,CMSID-0002765,CMSID-0002765,personal care,Personal care ,fragrance,fragrance,NOC,NOC,LBS,"fragrances, colognes, and perfumes","fragrances, colognes, and perfumes"
307,P.PC.490.000,PC.1800.010.099.F,CMSID-0002776,CMSID-0002776,personal care,Personal care ,glitter,glitter,,NOC,DBS,powder products containing reflective particles for face or body,powder products containing reflective particles for face or body
308,P.PC.500.000,PC.1900.010.099.F,CMSID-0002780,CMSID-0002780,personal care,Personal care ,hair bleach,hair bleach,,NOC,LHN,products for lightening or removing color from hair on the head,products for lightening or removing color from hair on the head
310,P.PC.510.019,PC.1900.030.099.F,CMSID-0002791,CMSID-0002791,personal care,Personal care ,hair color,hair color - permanent,permanent,NOC,LHN,hair colors and dyes characterized as permanent,hair colors and dyes characterized as permanent
311,P.PC.510.024,PC.1900.040.099.F,CMSID-0002801,CMSID-0002801,personal care,Personal care ,hair color,hair color - professional,professional,NOC,LHN,hair colors and dyes characterized as for professional use,hair colors and dyes characterized as for professional use
312,P.PC.510.030,PC.1900.050.099.F,CMSID-0002812,CMSID-0002812,personal care,Personal care ,hair color,hair color - temporary,temporary,NOC,LHN,hair colors and dyes characterized as temporary,hair colors and dyes characterized as temporary
313,P.PC.510.031,PC.1900.050.050.F,CMSID-0002823,CMSID-0002823,personal care,Personal care ,hair color,hair color - temporary,temporary|spra,spray,AHN,hair colors and dyes characterized as temporary (spray or aerosol formulation specified),hair colors and dyes characterized as temporary (spray or aerosol formulation specified)
309,P.PC.510.999,PC.1900.020.099.F,CMSID-0002834,CMSID-0002834,personal care,Personal care ,hair color,hair color,NOC,NOC,LHN,hair coloring products not otherwise categorized,hair coloring products not otherwise categorized
314,P.PC.520.000,PC.1900.060.099.F,CMSID-0002845,CMSID-0002845,personal care,Personal care ,hair color activator,hair color activator,,NOC,LHN,chemical activators for hair coloring products,chemical activators for hair coloring products
315,P.PC.530.000,PC.1900.070.099.F,CMSID-0002856,CMSID-0002856,personal care,Personal care ,hair color developer,hair color developer,,NOC,LHN,chemical developers for hair coloring products,chemical developers for hair coloring products
316,P.PC.540.000,PC.1900.080.099.F,CMSID-0002860,CMSID-0002860,personal care,Personal care ,hair color toner,hair color toner,,NOC,LHN,chemical toners for hair coloring products,chemical toners for hair coloring products
329,P.PC.550.011,PC.2000.100.099.F,CMSID-0002871,CMSID-0002871,personal care,Personal care ,hair conditioner,hair conditioner - leave-in,leave-in,NOC,LHN,leave-in everyday hair conditioners and detanglers,leave-in everyday hair conditioners and detanglers
330,P.PC.550.012,PC.2000.100.050.F,CMSID-0002882,CMSID-0002882,personal care,Personal care ,hair conditioner,hair conditioner - leave-in,leave-in|spray,spray,SHN,leave-in everyday hair conditioners (spray or aerosol formulation specified),leave-in everyday hair conditioners (spray or aerosol formulation specified)
328,P.PC.550.029,PC.2000.090.050.F,CMSID-0002893,CMSID-0002893,personal care,Personal care ,hair conditioner,hair conditioner,spray,spray,SHN,rinse-out everyday hair conditioners (excluding combo shampoo/conditioner products) (spray or aerosol formulation specified),rinse-out everyday hair conditioners (excluding combo shampoo/conditioner products) (spray or aerosol formulation specified)
327,P.PC.550.999,PC.2000.090.099.F,CMSID-0002903,CMSID-0002903,personal care,Personal care ,hair conditioner,hair conditioner,NOC,NOC,SHN,rinse-out everyday hair conditioners (excluding combo shampoo/conditioner products),rinse-out everyday hair conditioners (excluding combo shampoo/conditioner products)
333,P.PC.560.024,PC.2000.120.099.F,CMSID-0002914,CMSID-0002914,personal care,Personal care ,hair conditioning treatment,hair conditioning treatment - professional,professional,NOC,LHN,hair conditioning and moisturizing treatments for occasional use characterized as for professional use,hair conditioning and moisturizing treatments for occasional use characterized as for professional use
332,P.PC.560.029,PC.2000.110.050.F,CMSID-0002925,CMSID-0002925,personal care,Personal care ,hair conditioning treatment,hair conditioning treatment,spray,spray,LHN,hair conditioning and moisturizing treatments for occasional use (spray or aerosol formulation specified),hair conditioning and moisturizing treatments for occasional use (spray or aerosol formulation specified)
331,P.PC.560.999,PC.2000.110.099.F,CMSID-0002936,CMSID-0002936,personal care,Personal care ,hair conditioning treatment,hair conditioning treatment,NOC,NOC,LHN,hair conditioning and moisturizing treatments for occasional use,hair conditioning and moisturizing treatments for occasional use
334,P.PC.570.000,PC.2000.130.099.F,CMSID-0002940,CMSID-0002940,personal care,Personal care ,hair relaxer,hair relaxer,,NOC,LHN,chemical hair relaxers,chemical hair relaxers
335,P.PC.580.000,PC.2000.140.099.F,CMSID-0002951,CMSID-0002951,personal care,Personal care ,hair spray,hair spray,,NOC,SHN,spray fixatives for hair,spray fixatives for hair
339,P.PC.590.007,PC.2000.160.051.F,CMSID-0002962,CMSID-0002962,personal care,Personal care ,hair styling,hair styling - gel,gel,gel,LHN,"hair styling products for hold, shine, or texture (gel formulation indicated)","hair styling products for hold, shine, or texture (gel formulation indicated)"
340,P.PC.590.008,PC.2000.160.057.F,CMSID-0002973,CMSID-0002973,personal care,Personal care ,hair styling,hair styling - gel,gel|spray,gel|spray,SHN,"hair styling products for hold, shine, or texture (gel and spray formulation indicated)","hair styling products for hold, shine, or texture (gel and spray formulation indicated)"
341,P.PC.590.014,PC.2000.170.058.F,CMSID-0002984,CMSID-0002984,personal care,Personal care ,hair styling,hair styling - mousse,mousse,mousse,LHN,foaming hair styling products,foaming hair styling products
342,P.PC.590.015,PC.2000.170.059.F,CMSID-0002995,CMSID-0002995,personal care,Personal care ,hair styling,hair styling - mousse,mousse|spray,mousse|spray,SHN,NA,NA
337,P.PC.590.023,PC.2000.150.053.F,CMSID-0003002,CMSID-0003002,personal care,Personal care ,hair styling,hair styling,powder,powder,DBS,NA,NA
338,P.PC.590.029,PC.2000.150.050.F,CMSID-0003013,CMSID-0003013,personal care,Personal care ,hair styling,hair styling,spray,spray,SHN,"hair styling products for hold, shine, or texture (spray or aerosol formulation specified)","hair styling products for hold, shine, or texture (spray or aerosol formulation specified)"
336,P.PC.590.999,PC.2000.150.099.F,CMSID-0003024,CMSID-0003024,personal care,Personal care ,hair styling,hair styling,NOC,NOC,LHN,"hair styling products for hold, shine, or texture","hair styling products for hold, shine, or texture"
252,P.PC.600.029,PC.0500.050.050.F,CMSID-0003035,CMSID-0003035,personal care,Personal care ,hand sanitizer,hand sanitizer,spray,spray,SBS,antibacterial products for hands (spray or aerosol formulation specified),antibacterial products for hands (spray or aerosol formulation specified)
251,P.PC.600.999,PC.0500.050.099.F,CMSID-0003046,CMSID-0003046,personal care,Personal care ,hand sanitizer,hand sanitizer,NOC,NOC,LBS,antibacterial products for hands,antibacterial products for hands
253,P.PC.610.000,PC.0500.060.099.F,CMSID-0003050,CMSID-0003050,personal care,Personal care ,hand soap,hand soap,,NOC,LBS,liquid hand soaps,liquid hand soaps
254,P.PC.620.000,PC.0500.070.099.F,CMSID-0003061,CMSID-0003061,personal care,Personal care ,hand wipes,hand wipes,,NOC,LBS,wipes and solution primarily for hands,wipes and solution primarily for hands
303,P.PC.630.007,PC.1700.010.051.F,CMSID-0003072,CMSID-0003072,personal care,Personal care ,hand/body lotion,hand/body lotion,gel,gel,LBS,lotions and creams primarily for hands and body (gel formulations indicated),lotions and creams primarily for hands and body (gel formulations indicated)
304,P.PC.630.008,PC.1700.010.057.F,CMSID-0003083,CMSID-0003083,personal care,Personal care ,hand/body lotion,hand/body lotion,gel|spray,gel|spray,SBS,lotions and creams primarily for hands and body (gel and spray or aerosol formulation specified),lotions and creams primarily for hands and body (gel and spray or aerosol formulation specified)
306,P.PC.630.029,PC.1700.010.050.F,CMSID-0003094,CMSID-0003094,personal care,Personal care ,hand/body lotion,hand/body lotion,spray,spray,SBS,lotions and creams primarily for hands and body (spray or aerosol formulation specified),lotions and creams primarily for hands and body (spray or aerosol formulation specified)
305,P.PC.630.999,PC.1700.010.099.F,CMSID-0003104,CMSID-0003104,personal care,Personal care ,hand/body lotion,hand/body lotion,NOC,NOC,LBS,lotions and creams primarily for hands and body,lotions and creams primarily for hands and body
343,P.PC.640.000,PC.2000.180.099.F,CMSID-0003115,CMSID-0003115,personal care,Personal care ,lice shampoo,lice shampoo,,NOC,LBS,shampoos for the treatment of head lice,shampoos for the treatment of head lice
350,P.PC.650.000,PC.2200.010.099.F,CMSID-0003126,CMSID-0003126,personal care,Personal care ,liniment,liniment,,NOC,LBS,liniments and ointments for treatment of muscle or joint pain,liniments and ointments for treatment of muscle or joint pain
359,P.PC.660.000,PC.2300.080.099.F,CMSID-0003130,CMSID-0003130,personal care,Personal care ,lip balm,lip balm,,NOC,LGI,lip products primarily for protection,lip products primarily for protection
360,P.PC.670.000,PC.2300.090.099.F,CMSID-0003141,CMSID-0003141,personal care,Personal care ,lip color,lip color,,NOC,LGI,"colored lip products, excluding glosses","colored lip products, excluding glosses"
361,P.PC.680.000,PC.2300.100.099.F,CMSID-0003152,CMSID-0003152,personal care,Personal care ,lip gloss,lip gloss,,NOC,LGI,glossy lip products,glossy lip products
362,P.PC.690.000,PC.2300.110.099.F,CMSID-0003163,CMSID-0003163,personal care,Personal care ,lip liner,lip liner,,NOC,LGI,pencils for lining lips,pencils for lining lips
363,P.PC.700.000,PC.2300.120.099.F,CMSID-0003174,CMSID-0003174,personal care,Personal care ,makeup primer,makeup primer,,NOC,LBS,products for priming face for make-up,products for priming face for make-up
364,P.PC.710.000,PC.2300.130.099.F,CMSID-0003185,CMSID-0003185,personal care,Personal care ,makeup remover,makeup remover,,NOC,LBS,products for removing face make-ups,products for removing face make-ups
365,P.PC.720.000,PC.2300.140.099.F,CMSID-0003196,CMSID-0003196,personal care,Personal care ,makeup set,makeup set,,NOC,DBS,multicomponent make-up set set for which individual products are not designated,multicomponent make-up set set for which individual products are not designated
366,P.PC.730.000,PC.2300.150.099.F,CMSID-0003206,CMSID-0003206,personal care,Personal care ,mascara,mascara,,NOC,LBS,eyelash mascaras,eyelash mascaras
272,P.PC.740.029,PC.0900.050.050.F,CMSID-0003210,CMSID-0003210,personal care,Personal care ,mouthwash,mouthwash,spray,spray,SGI,antiseptic and dental mouthwashes and rinses (spray or aerosol formulation specified),antiseptic and dental mouthwashes and rinses (spray or aerosol formulation specified)
271,P.PC.740.999,PC.0900.050.099.F,CMSID-0003221,CMSID-0003221,personal care,Personal care ,mouthwash,mouthwash,NOC,NOC,LBS,antiseptic and dental mouthwashes and rinses,antiseptic and dental mouthwashes and rinses
368,P.PC.750.000,PC.2400.010.099.F,CMSID-0003232,CMSID-0003232,personal care,Personal care ,nail adhesive,nail adhesive,,NOC,LHN,adhesives for reparing fingernails or attaching artificial nails,adhesives for reparing fingernails or attaching artificial nails
369,P.PC.760.000,PC.2400.020.099.F,CMSID-0003243,CMSID-0003243,personal care,Personal care ,nail polish,nail polish,,NOC,LHN,"clear or colored nail enamels, polishes, basecoats, topcoats, and other acrylic coatings","clear or colored nail enamels, polishes, basecoats, topcoats, and other acrylic coatings"
370,P.PC.770.000,PC.2400.030.099.F,CMSID-0003254,CMSID-0003254,personal care,Personal care ,nail polish remover,nail polish remover,,NOC,LHN,products for removing nail polish or artificial nails,products for removing nail polish or artificial nails
372,P.PC.780.018,PC.2400.040.050.F,CMSID-0003276,CMSID-0003276,personal care,Personal care ,nail products,other nail products,other|spray,spray,SHN,miscellaneous products for nail or cuticle treatment not otherwise characterized  (spray or aerosol formulation specified),miscellaneous products for nail or cuticle treatment not otherwise characterized  (spray or aerosol formulation specified)
371,P.PC.780.999,PC.2400.040.099.F,CMSID-0003265,CMSID-0003265,personal care,Personal care ,nail products,other nail products,NOC,NOC,LHN,miscellaneous products for nail or cuticle treatment not otherwise characterized,miscellaneous products for nail or cuticle treatment not otherwise characterized
345,P.PC.790.029,PC.2000.190.050.F,CMSID-0003280,CMSID-0003280,personal care,Personal care ,scalp treatment,scalp treatment,spray,spray,SBS,"products for treating the scalp, including products dandruff or hair loss (spray or aerosol formulation specified)","products for treating the scalp, including products dandruff or hair loss (spray or aerosol formulation specified)"
344,P.PC.790.999,PC.2000.190.099.F,CMSID-0003291,CMSID-0003291,personal care,Personal care ,scalp treatment,scalp treatment,NOC,NOC,LBS,"products for treating the scalp, including products dandruff or hair loss","products for treating the scalp, including products dandruff or hair loss"
374,P.PC.800.029,PC.2500.010.050.F,CMSID-0003301,CMSID-0003301,personal care,Personal care ,self-tanner,self-tanner,spray,spray,SBS,"chemical products for tanning, staining, or coloring the skin (spray or aerosol formulation specified)","chemical products for tanning, staining, or coloring the skin (spray or aerosol formulation specified)"
373,P.PC.800.999,PC.2500.010.099.F,CMSID-0003312,CMSID-0003312,personal care,Personal care ,self-tanner,self-tanner,NOC,NOC,LBS,"chemical products for tanning, staining, or coloring the skin","chemical products for tanning, staining, or coloring the skin"
375,P.PC.810.000,PC.2600.010.099.F,CMSID-0003323,CMSID-0003323,personal care,Personal care ,sexual wellness,sexual wellness,,NOC,LBS,"sexual wellness products, including personal lubricants","sexual wellness products, including personal lubricants"
346,P.PC.820.004,PC.2000.200.099.F,CMSID-0003334,CMSID-0003334,personal care,Personal care ,shampoo,shampoo - dandruff,dandruff,NOC,LHN,"shampoos, including dual shampoo/conditioner products for treatment of dandruff","shampoos, including dual shampoo/conditioner products for treatment of dandruff"
347,P.PC.820.999,PC.2000.210.099.F,CMSID-0003345,CMSID-0003345,personal care,Personal care ,shampoo,shampoo,NOC,NOC,LHN,"shampoos, including dual shampoo/conditioner products","shampoos, including dual shampoo/conditioner products"
384,P.PC.830.007,PC.2700.070.051.F,CMSID-0003356,CMSID-0003356,personal care,Personal care ,shaving cream,shaving cream ,gel,gel,LBS,"shaving creams, foams, balms and soaps (gel formulation specified)","shaving creams, foams, balms and soaps (gel formulation specified)"
385,P.PC.830.999,PC.2700.070.099.F,CMSID-0003360,CMSID-0003360,personal care,Personal care ,shaving cream,shaving cream ,NOC,NOC,LBS,"shaving creams, foams, balms and soaps","shaving creams, foams, balms and soaps"
393,P.PC.840.029,PC.2900.010.050.F,CMSID-0003393,CMSID-0003403,personal care,Personal care ,sunscreen,sunscreen ,spray,spray,ABS,suncreens and blocks (spray or aerosol formulations specified),suncreens and blocks (spray or aerosol formulations specified)
390,P.PC.840.100,PC.2900.010.001.F,CMSID-0003371,CMSID-0003371,personal care,Personal care ,sunscreen,sunscreen ,children,child,LBS,suncreens and blocks marketed to children or babies,suncreens and blocks marketed to children or babies
391,P.PC.840.101,PC.2900.010.011.F,CMSID-0003382,CMSID-0003382,personal care,Personal care ,sunscreen,sunscreen ,children|spray,child | spray,ABS,suncreens and blocks marketed to children or babies (spray or aerosol formulations specified,suncreens and blocks marketed to children or babies (spray or aerosol formulations specified
392,P.PC.840.999,PC.2900.010.099.F,CMSID-0003403,CMSID-0003393,personal care,Personal care ,sunscreen,sunscreen ,NOC,NOC,LBS,suncreens and blocks,suncreens and blocks
273,P.PC.850.000,PC.0900.060.099.F,CMSID-0003414,CMSID-0003414,personal care,Personal care ,teeth whitener,teeth whitener,,NOC,LGI,teeth whitening products (excluding toothpastes),teeth whitening products (excluding toothpastes)
367,P.PC.860.000,PC.2300.160.099.F,CMSID-0003425,CMSID-0003425,personal care,Personal care ,toner,toner,,NOC,LBS,face and skin toners and astringents,face and skin toners and astringents
274,P.PC.870.007,PC.0900.070.051.F,CMSID-0003436,CMSID-0003436,personal care,Personal care ,toothpaste,toothpaste,gel,gel,LGI,toothpastes and dentrifices (gel formulation specified),toothpastes and dentrifices (gel formulation specified)
275,P.PC.870.999,PC.0900.070.099.F,CMSID-0003440,CMSID-0003440,personal care,Personal care ,toothpaste,toothpaste,NOC,NOC,LGI,toothpastes and dentrifices,toothpastes and dentrifices
386,P.PC.880.000,PC.2700.080.099.F,CMSID-0003451,CMSID-0003451,personal care,Personal care ,waxing,waxing ,,NOC,LBS,wax products for removing hair from face or body,wax products for removing hair from face or body
395,P.PE.010.029,PE.0100.010.050.F,CMSID-0003462,CMSID-0003462,pesticides,Pesticides ,animal repellent,animal repellent ,spray,spray,SOS,chemical animal repellents (spray or aerosol formulation specified),chemical animal repellents (spray or aerosol formulation specified)
394,P.PE.010.999,PE.0100.010.099.F,CMSID-0003473,CMSID-0003473,pesticides,Pesticides ,animal repellent,animal repellent ,NOC,NOC,LOS,chemical animal repellents,chemical animal repellents
397,P.PE.020.029,PE.0200.010.050.F,CMSID-0003484,CMSID-0003484,pesticides,Pesticides ,fungicide,fungicide ,spray,spray,SOS,fungicides for garden or home use  (spray or aerosol formulation specified),fungicides for garden or home use  (spray or aerosol formulation specified)
396,P.PE.020.999,PE.0200.010.099.F,CMSID-0003495,CMSID-0003495,pesticides,Pesticides ,fungicide,fungicide ,NOC,NOC,LOS,fungicides for garden or home use,fungicides for garden or home use
400,P.PE.030.005,PE.0300.020.099.F,CMSID-0003505,CMSID-0003505,pesticides,Pesticides ,insect repellent,insect repellent - exterior ,exterior,NOC,LOS,"miscellaneous products for repelling insects, exterior use indicated","miscellaneous products for repelling insects, exterior use indicated"
401,P.PE.030.006,PE.0300.020.050.F,CMSID-0003516,CMSID-0003516,pesticides,Pesticides ,insect repellent,insect repellent - exterior ,exterior|spray,spray,SOS,"miscellaneous products for repelling insects, exterior use indicated  (spray or aerosol formulation specified)","miscellaneous products for repelling insects, exterior use indicated  (spray or aerosol formulation specified)"
402,P.PE.030.026,PE.0300.030.099.F,CMSID-0003520,CMSID-0003520,pesticides,Pesticides ,insect repellent,insect repellent - skin ,skin,NOC,LBS,products for repelling insects from skin,products for repelling insects from skin
403,P.PE.030.027,PE.0300.030.050.F,CMSID-0003531,CMSID-0003531,pesticides,Pesticides ,insect repellent,insect repellent - skin ,skin|spray,spray,ABS,products for repelling insects from skin (spray or aerosol formulation specified),products for repelling insects from skin (spray or aerosol formulation specified)
399,P.PE.030.029,PE.0300.010.050.F,CMSID-0003542,CMSID-0003542,pesticides,Pesticides ,insect repellent,insect repellent ,spray,spray,ABS,miscellaneous products for repelling insects (excluding products to be applied to skin) (spray or aerosol formulation specified),miscellaneous products for repelling insects (excluding products to be applied to skin) (spray or aerosol formulation specified)
398,P.PE.030.999,PE.0300.010.099.F,CMSID-0003553,CMSID-0003553,pesticides,Pesticides ,insect repellent,insect repellent ,NOC,NOC,LBS,miscellaneous products for repelling insects (excluding products to be applied to skin),miscellaneous products for repelling insects (excluding products to be applied to skin)
406,P.PE.040.005,PE.0400.020.099.F,CMSID-0003564,CMSID-0003564,pesticides,Pesticides ,insecticide,insecticide - exterior ,exterior,NOC,LOS,"insecticides, exterior use indicated -  including lawn and gardens","insecticides, exterior use indicated -  including lawn and gardens"
407,P.PE.040.006,PE.0400.020.050.F,CMSID-0003575,CMSID-0003575,pesticides,Pesticides ,insecticide,insecticide - exterior ,exterior|spray,spray,AOA,"insecticides, exterior use indicated (spray or aerosol formulation specified)","insecticides, exterior use indicated (spray or aerosol formulation specified)"
408,P.PE.040.009,PE.0400.030.099.F,CMSID-0003586,CMSID-0003586,pesticides,Pesticides ,insecticide,insecticide - interior ,interior,NOC,LIS,"insecticides, interior use indicated","insecticides, interior use indicated"
409,P.PE.040.010,PE.0400.030.050.F,CMSID-0003590,CMSID-0003590,pesticides,Pesticides ,insecticide,insecticide - interior ,interior|spray,spray,AIS,"insecticides, interior use indicated (spray or aerosol formulation specified)","insecticides, interior use indicated (spray or aerosol formulation specified)"
405,P.PE.040.029,PE.0400.010.050.F,CMSID-0003600,CMSID-0003600,pesticides,Pesticides ,insecticide,insecticide ,spray,spray,SIS,insecticides not otherwise characterized (spray or aerosol formulation specified),insecticides not otherwise characterized (spray or aerosol formulation specified)
404,P.PE.040.999,PE.0400.010.099.F,CMSID-0003611,CMSID-0003611,pesticides,Pesticides ,insecticide,insecticide ,NOC,NOC,LIS,insecticides not otherwise characterized,insecticides not otherwise characterized
410,P.PE.050.000,PE.0500.010.099.F,CMSID-0003622,CMSID-0003622,pesticides,Pesticides ,rodenticide,rodenticide ,,NOC,DIS,rodenticides for interior or exterior use,rodenticides for interior or exterior use
425,P.PT.010.000,PT.0400.010.099.F,CMSID-0003633,CMSID-0003633,pet care,Pet care ,aquarium,aquarium ,,NOC,LAP,miscellaneous aquarium treatment products,miscellaneous aquarium treatment products
423,P.PT.020.000,PT.0200.010.099.F,CMSID-0003644,CMSID-0003644,pet care,Pet care ,cat litter,cat litter ,,NOC,SOL,cat litters,cat litters
417,P.PT.030.029,PT.0100.060.050.F,CMSID-0003655,CMSID-0003655,pet care,Pet care ,other pet treatments,other pet treatments ,spray,spray,SIS,miscellaneous pet treatments (excluding pesticides)  (spray or aerosol formulation specified),miscellaneous pet treatments (excluding pesticides)  (spray or aerosol formulation specified)
416,P.PT.030.999,PT.0100.060.099.F,CMSID-0003666,CMSID-0003666,pet care,Pet care ,other pet treatments,other pet treatments ,NOC,NOC,LIS,miscellaneous pet treatments (excluding pesticides),miscellaneous pet treatments (excluding pesticides)
418,P.PT.040.020,PT.0100.070.099.F,CMSID-0003670,CMSID-0003670,pet care,Pet care ,pesticide,pesticide - pet ,pet,NOC,LIS,pesticides for application to  pets,pesticides for application to  pets
419,P.PT.040.021,PT.0100.070.050.F,CMSID-0003681,CMSID-0003681,pet care,Pet care ,pesticide,pesticide - pet ,pet|spray,spray,SIS,pesticides for application to  pets  (spray or aerosol formulation specified),pesticides for application to  pets  (spray or aerosol formulation specified)
420,P.PT.050.000,PT.0100.080.099.F,CMSID-0003692,CMSID-0003692,pet care,Pet care ,pet shampoo,pet shampoo ,,NOC,LIS,pet shampoos (inclduing those contain pesticides),pet shampoos (inclduing those contain pesticides)
422,P.PT.060.029,PT.0100.090.050.F,CMSID-0003702,CMSID-0003702,pet care,Pet care ,pet stain cleaner,pet stain cleaner ,spray,spray,SIS,carpet and upholstery cleaners for pet stains (spray or aerosol formulation specified),carpet and upholstery cleaners for pet stains (spray or aerosol formulation specified)
421,P.PT.060.999,PT.0100.090.099.F,CMSID-0003713,CMSID-0003713,pet care,Pet care ,pet stain cleaner,pet stain cleaner ,NOC,NOC,LIS,carpet and upholstery cleaners for pet stains,carpet and upholstery cleaners for pet stains
